"","Gene","Rate01.x","Rate10.x","Eject.x","Decay.x","Rate01Mean.x","Rate10Mean.x","EjectMean.x","Rate01SD.x","Rate10SD.x","EjectSD.x","Rate01Median.x","Rate10Median.x","EjectMedian.x","Rate01MAD.x","Rate10MAD.x","EjectMAD.x","Model.x","Condition.x","Expression.x","Variance.x","ThirdMoment.x","BurstMean.x","BurstSD.x","BurstMedian.x","BurstMAD.x","Rate01.y","Rate10.y","Eject.y","Decay.y","Rate01Mean.y","Rate10Mean.y","EjectMean.y","Rate01SD.y","Rate10SD.y","EjectSD.y","Rate01Median.y","Rate10Median.y","EjectMedian.y","Rate01MAD.y","Rate10MAD.y","EjectMAD.y","Model.y","Condition.y","Expression.y","Variance.y","ThirdMoment.y","BurstMean.y","BurstSD.y","BurstMedian.y","BurstMAD.y","cat_IAA_120_bulk","LFC_off","LFC_on","LFC_eject","LFC_BS","OFF_time_WT","OFF_time_KO","BS_WT","BS_KO","BS"
"1","AGPAT5",0.00189849397905407,0.0128200072829985,0.0127642592379739,0.0014797449652288,0.00194065214820954,0.0354140555280768,0.0287162370829531,0.000262029590717095,0.0811495622899628,0.0571643863229964,0.00195180486849852,0.0156311750055454,0.0147809874312674,0.000182494288377352,0.00834989759334238,0.00605333085058968,2,"HCTDMSO2h",2.22512103281334,3.74464058513589,8.11452091620588,0.998450053180632,0.232999504731902,0.94823614375653,0.203102457188325,0.00177014099190115,4.78583771807792,1.68541257933724,0.0014797449652288,0.00156261843933127,0.0598705490270897,0.0225209451763793,0.000250696411783793,0.12659211966137,0.0438988327961611,0.00156932258402628,0.025930185888867,0.0106656655241484,0.000159020149844623,0.0176385894624222,0.00625943785125438,2,"HCTAUXIN2h",0.841635473653902,1.13933184869267,1.90719584742458,0.451989085632826,0.12620495248289,0.421215880708986,0.0803165772642747,"down",0.314666889078019,-0.730206317916985,-0.470768659868122,-1.17068655510213,512.346298618097,637.217618722075,0.94823614375653,0.421215880708986,-1.17068655510213
"2","AKAP12",0.00201079136878408,0.00669365724597123,0.218138576071096,0.00152580006162562,0.00204648710084585,0.00716298650783346,0.224373513546565,0.000544889102641247,0.003158541559868,0.036781517106962,0.00201311915585688,0.00673237980770869,0.218728285258958,6.179634068823e-05,0.000736057234044649,0.0139371773508889,2,"HCTDMSO2h",66.043301759134,1147.92667705508,25622.7174276067,32.4081210884349,2.96214502041026,32.5063601168524,2.32659002558788,0.0012233676388837,3.67814865331419,31.1760423395341,0.00152580006162562,0.00121472878017985,0.284921930390299,2.43788214318558,0.000106583703263151,0.223560646146902,1.89253227601707,0.00121294931713248,0.2294638597583,1.96961524601826,2.19283112933621e-05,0.0881894694558416,0.746865193255683,2,"HCTAUXIN2h",13.5533333333333,143.087155555556,2919.07662804509,8.60109564669913,0.291961110263127,8.59603726630504,0.269996169361454,"down",0.730913298461886,-5.09100657011268,3.17070213193295,-1.91897837763663,496.741584863788,824.436755827596,32.5063601168524,8.59603726630504,-1.91897837763663
"3","ARHGAP29",0.00489125747515233,0.012206312788744,0.0970379217136284,0.00351836285166317,0.00490217492762563,0.0126042380902795,0.098560893963623,0.000310429867290051,0.00268252931972438,0.0107003451739604,0.00489282154757397,0.0122355301692003,0.097177880463434,0.000205921924284255,0.00162288578488329,0.00658585754754987,2,"HCTDMSO2h",15.7788279773157,68.9527032442402,330.188456642238,7.98051092647865,0.803537664816702,7.94319357315795,0.792839669812863,0.00530527457978512,0.0846731042884544,0.173899462472927,0.00351836285166317,0.00512278542593505,0.0902732623822411,0.18376638847971,0.000355576375849277,0.148249279952578,0.265693771373557,0.0051297059085874,0.0586303476530438,0.127238253871517,0.000245019183854918,0.0231148265722527,0.0416836092025752,2,"HCTAUXIN2h",5.82643910905409,15.9496278465237,63.2402094745335,2.20342691784201,0.245735060194073,2.17271155652504,0.24264146947611,"down",-0.0682094516526379,-2.26057099614671,0.388832607151201,-1.87022250292559,204.381048905377,194.94294952191,7.94319357315795,2.17271155652504,-1.87022250292559
"4","ATG12",0.00171000227020245,0.0054447897549603,0.0176800738769099,0.00136647749885857,0.00174157773969777,0.00639305156894768,0.0193408052867521,0.000157051405253092,0.00396906234965778,0.0069018216832948,0.00173333748884759,0.00574879385929668,0.0182374278803303,0.000102279061497427,0.0012063281664282,0.00220549171287502,2,"HCTDMSO2h",6.18426724137931,15.9213257561682,49.934863881366,3.1985730386832,0.450745260221154,3.17326691573896,0.440812565959099,0.0018336830964464,0.00854612813042207,0.0125983672069587,0.00136647749885857,0.00191705161256091,0.0195144939314871,0.0227454251139114,0.000257246692477778,0.0354561492039698,0.0327412208461231,0.00191442811846763,0.0106869303477477,0.0146298056500505,0.000182591290718082,0.00481602510863205,0.00461370004167346,2,"HCTAUXIN2h",3.25722543352601,6.12574259079822,15.007913439456,1.42217502486052,0.322958110659615,1.37054038132929,0.310678669505837,"down",-0.143360910694717,-0.894516316636686,-0.3179916689436,-1.2112240409429,576.921693804044,522.349202016754,3.17326691573896,1.37054038132929,-1.2112240409429
"5","BCL2L1",0.0029351902298815,0.00548257390640428,0.0105356506043673,0.00290710756932127,0.00310247403229763,0.00813836751757878,0.0123528757404416,0.000631515555967446,0.0125225994389808,0.00835711300756152,0.00304592011472672,0.00604915289353155,0.0109717440646568,0.00040853489275493,0.00208078544910767,0.00163726095832541,2,"HCTDMSO2h",2.52741935483871,4.04440946930281,7.29108441307777,1.90518084411135,0.616743696127464,1.81399856863177,0.554321351952008,0.00306588279900773,0.0113522658503108,0.0118240658876021,0.00290710756932127,0.00318884039075138,0.0281493171147938,0.0212883701407935,0.000642883902882403,0.103890543551454,0.0586198839116517,0.00317458647925197,0.0130269297134806,0.0128112524306659,0.000451014923167665,0.00646239438574203,0.00392248180352018,2,"HCTAUXIN2h",1.72962856320184,2.64990533280925,4.8529872999758,1.06636210951684,0.383923688535927,0.984951161445248,0.315278859220577,"down",-0.0596905742768486,-1.10669206789603,0.22361864646028,-0.881049221696742,328.308019361735,315.001656604935,1.81399856863177,0.984951161445248,-0.881049221696742
"6","BDNF",0.00769142805948071,9.51834335865608,11.8282319495199,0.01659235014751,0.00705634851208347,0.266941435509141,0.359446792904392,0.000505219006051049,0.326094816299277,0.404889779443974,0.00705915323658262,0.180290018892373,0.252026183122231,0.000340712054105251,0.0734224729140748,0.0908575795563484,2,"HCTDMSO2h",1.14777927321669,2.51948026352733,7.69567336533196,1.41822458074351,0.13116070894456,1.40458922467346,0.126466621734198,0.00389701317187417,0.0536188848628139,0.0653308170168828,0.01659235014751,0.00378034589768736,0.0695174721387273,0.0793775408063722,0.000591475976902595,0.0945651584336522,0.0849975226159705,0.00378330244068276,0.0474573659907172,0.0597460961861147,0.000399479339258587,0.0184284064570176,0.0166099303118052,2,"HCTAUXIN2h",0.53314121037464,0.963599066514961,2.25538386540993,1.30852872492389,0.273040777900742,1.26302689906689,0.236506620814698,"down",0.899849027560587,1.92561559488807,-2.076657268302,-0.153262907703865,141.660049935976,264.31933890528,1.40458922467346,1.26302689906689,-0.153262907703865
"7","CCDC71L",0.00388510242564711,6.88060043532887,5.62538685296397,0.00880230159680642,0.00362440731628462,0.199932676634218,0.173195116547428,0.000299424913441441,0.239170586798892,0.194897075319793,0.00362272345497561,0.132202170812601,0.117962491845371,0.000198468983633393,0.061405266403833,0.0500009228725665,2,"HCTDMSO2h",0.720473500134517,1.31519288852294,3.37789576678881,0.911257395377835,0.0924532548332224,0.901337550245563,0.0861408309721931,0.00283984441424988,5.86087250546003,3.00999184128617,0.00880230159680642,0.00253365111712507,0.138623800160365,0.0768752213694838,0.000359426956921765,0.187760820052866,0.096351821136831,0.00253594478240079,0.0830251147650582,0.0484458487171926,0.000229442450042635,0.045375378901146,0.0233074407811252,2,"HCTAUXIN2h",0.331413763317017,0.507210699228941,1.0466977470736,0.613732438541565,0.119422783540033,0.593865100789995,0.0902110181024728,"down",0.514551347491491,0.671126149600917,-1.2838832506328,-0.601932242081599,276.035422639439,394.330352513944,0.901337550245563,0.593865100789995,-0.601932242081599
"8","CCND1",0.00117016208885732,0.00433500843503235,0.01485752326733,0.000765141973495746,0.00120174032914722,0.00572790791239657,0.0176714250013831,0.000106498508478086,0.0060134462503131,0.0120194306814935,0.00119526429892503,0.00477908674315971,0.0157810663312343,6.76264805812719e-05,0.00112676352035697,0.0023482809393529,2,"HCTDMSO2h",8.25350593311759,23.6353032424135,86.0404626520374,3.32273906932934,0.46304854786857,3.30305964407169,0.453513899364864,0.00145785243304127,0.0211011373681407,0.0360289772346931,0.000765141973495746,0.00143956456729675,0.0363296624850324,0.0583541990929779,0.000111809503010968,0.0536799293223389,0.0789186636415105,0.00144601772094692,0.0200339871954218,0.0344505489587728,7.49272337854799e-05,0.0103235408421134,0.0152779974002137,2,"HCTAUXIN2h",6.08494654724068,14.842827424187,51.7406832512556,1.7683688383079,0.226447347937877,1.72450869182445,0.211441696150268,"down",-0.274755567901509,-2.06764271847162,1.12633228004125,-0.93761762066748,836.63504456659,691.554457123217,3.30305964407169,1.72450869182445,-0.93761762066748
"9","CD44",0.000372354432331379,0.000879346643883112,0.00120297522785425,0.000175958243347384,0.000482272285082668,0.0163786741728485,0.0107124273945033,9.06282703021414e-05,0.06770678195617,0.0412132903903339,0.000491994708125208,0.0033571465181994,0.00278914074545075,6.25737456990637e-05,0.00245096136168142,0.0015636068034098,2,"HCTDMSO2h",4.06725854183481,6.4673622180633,12.2680514954507,0.947803350829356,0.359470216937424,0.832314018740258,0.256431594427659,0.000363349452245729,0.00218028361729684,0.00190710372131506,0.000175958243347384,0.00040616232047943,0.024486530026667,0.0155272338912252,5.5993451695694e-05,0.0694538039118989,0.042319640302653,0.000411050422067035,0.00796092659459528,0.00546456290446021,2.93566546771043e-05,0.005842040972848,0.00359588932094004,2,"HCTAUXIN2h",3.0963924963925,4.95117024710098,9.98840520835275,0.746342912683768,0.169094104781234,0.696227036357695,0.102515794159526,"down",0.259327423140333,-1.24570085695015,0.970285365862913,-0.257570097932867,2032.54218690805,2432.79156598681,0.832314018740258,0.696227036357695,-0.257570097932867
"10","CDC42EP1",0.00335508410280554,0.0142659250089238,0.0236524875305004,0.00305500751797434,0.00343675824108811,0.022565425992402,0.0318296421638796,0.000448653490915313,0.0327982520876849,0.032330613250739,0.00341472338411619,0.0154449884212568,0.0248659218708432,0.000305424228041618,0.00549100332587808,0.00567449968914939,2,"HCTDMSO2h",2.94814615797958,5.66388828814886,13.8127109783122,1.64898473625333,0.345036594803031,1.61063189299006,0.332803443433544,0.00249487788169168,0.0055952003639795,0.0118732091548,0.00305500751797434,0.00258033839464501,0.0069817641284663,0.0130361681395067,0.000428717914931514,0.00485780470066455,0.00415650171937265,0.00254976760154007,0.00594229424362696,0.0121905851583258,0.00028140204698976,0.00171083822193841,0.00160997135329294,2,"HCTAUXIN2h",2.39671564390665,4.14022545616264,8.12244650924014,2.1178207185577,0.533399782786971,2.05234043879713,0.499707673850377,"down",0.42140295641267,1.37804683965887,-1.02840253993016,0.349643256262253,292.849489552087,392.192605865725,1.61063189299006,2.05234043879713,0.349643256262253
"11","CDCP1",0.00384186091818861,0.00593591969100878,0.00693479052171798,0.00244316657922518,0.00440948610724853,0.0218607680213056,0.0127891771403706,0.00149654126852453,0.0566220183730307,0.020555254388458,0.00428435065056447,0.00802168990301712,0.00782661625739195,0.00107972469932056,0.00508100483371947,0.00226998249839961,2,"HCTDMSO2h",2.23054213633924,2.99864849835872,4.63226710883152,1.2413053989877,0.934026045462249,0.976331632288031,0.575197959252189,0.00603790750324087,3.66005219756732,1.22304150360694,0.00244316657922518,0.00497192539317476,0.0780476107953509,0.0301129187015982,0.000937068424869199,0.144544204666564,0.0480670754528245,0.00502219741473271,0.0368567301786761,0.0165370684339723,0.0006165921378194,0.0241633320302323,0.00831505393297189,2,"HCTAUXIN2h",1.64930955120829,2.20123945423559,3.64121114074069,0.514768414825876,0.206864388746,0.45454990785233,0.121375611614387,"down",-0.229242178227764,-2.19994998333231,1.07924289142451,-1.10293256825524,233.407599321556,199.116027790242,0.976331632288031,0.45454990785233,-1.10293256825524
"12","CDT1",0.00152455409955063,0.0167605265284245,0.0321523813519407,0.00405993708223312,0.00155245953991534,0.026316279251705,0.0459991548684416,0.000137156585131641,0.0460184241273695,0.0670294811027048,0.00154703893810584,0.0182276894369245,0.034262530067949,9.18341347229011e-05,0.0053211081242433,0.00771099955505436,2,"HCTDMSO2h",1.31896551724138,3.0205670332937,8.9726527263828,1.89197102422657,0.216997653847258,1.88006843796035,0.217136738776316,0.00133435060180657,0.0399759138058596,0.0790294571813435,0.00405993708223312,0.00131887776650873,0.0611930800348302,0.117128102135276,9.41431710631774e-05,0.0878331376851082,0.15741401068012,0.00131960497721384,0.0365762275452648,0.0730077443927131,6.20418335625588e-05,0.015379549641447,0.0272872982337973,2,"HCTAUXIN2h",1.25324862835692,3.29624630462922,12.1115592531016,2.02304183250503,0.179804027087495,2.00558045895135,0.176861365414123,"down",0.229403384568217,-1.0047745886098,1.09141781876285,0.0932346650668771,646.396141279017,757.802537325497,1.88006843796035,2.00558045895135,0.0932346650668771
"13","CHAF1A",0.000397495244680068,0.00296847994952846,0.00618966368622629,0.00317471988381894,0.000415920944788707,0.00393225778346577,0.00711920063009833,9.73478229847675e-05,0.00466787890654779,0.00458018088907521,0.000414667282806295,0.00326811181278515,0.0064799358364682,6.0940707186872e-05,0.00103670400341332,0.00105687228529124,2,"HCTDMSO2h",0.460172228202368,0.830760357850902,1.80895919378201,2.11917242346868,0.691875167842212,1.98625711192069,0.484198205637758,0.000250939098006809,0.0023143229236965,0.00509411249862659,0.00317471988381894,0.000272521339436286,0.0039142228225513,0.00658874488806685,8.87524650985059e-05,0.0141590723516933,0.0138261093080992,0.000271120684893584,0.00270155857387775,0.00545011877106795,5.52171911075823e-05,0.00107423136133578,0.00104490821045756,2,"HCTAUXIN2h",0.31377624388841,0.558144986458943,1.2121876545152,2.31955273960767,1.35084090695504,2.0216165174853,0.648750442874201,"down",0.613019036872253,0.274665381524045,-0.249691857797866,0.0254569716438366,2411.57197942509,3688.39434140742,1.98625711192069,2.0216165174853,0.0254569716438366
"14","CLDN3",0.00396359727592166,0.143673638966497,0.0440802879064076,0.00392610854872005,0.00317302416364303,0.0605736961918169,0.0200487812656541,0.000849424515558683,0.140078697615863,0.0394387636045628,0.00323762701556748,0.0240856784126727,0.00982003816783648,0.000547150120285581,0.0167262578942938,0.00495520177473055,2,"HCTDMSO2h",0.602736051502146,0.772170625610161,1.17475415839575,0.527407017698587,0.540529061979427,0.413425888287523,0.135804180968422,0.00174733321444738,2.119478091194,0.629355183686901,0.00392610854872005,0.00138980552771787,0.05793331806641,0.0188191998585551,0.00040287242263188,0.129499106411705,0.0379724102918475,0.00142347882151101,0.0233081558270113,0.00871983316010715,0.000242416212127848,0.0171107084076756,0.00513478162511494,2,"HCTAUXIN2h",0.263868927852831,0.341410843412217,0.532290061703254,0.498401584514837,0.484146914335524,0.385976549777259,0.110153425589592,"down",1.18551576352518,0.0473406993828344,-0.171428100284958,-0.0991155332085282,308.868191175729,702.504304868062,0.413425888287523,0.385976549777259,-0.0991155332085282
"15","CLSPN",0.000281990535472557,0.00389654685808182,0.00870808997622142,0.00319218777642386,0.000293946824607075,0.0056205774930617,0.0109712262515928,5.68566629778177e-05,0.0129061541663399,0.0175127452581812,0.000292017123265054,0.00428417770813977,0.00919317971942878,3.20772856105756e-05,0.00117420904107215,0.00154104176913235,2,"HCTDMSO2h",0.367303038451197,0.752961562106928,1.89837977396021,2.20684881206944,0.434072663258342,2.15030432719176,0.386482901210911,0.000395127097566111,0.0093074133518629,0.0111971515334756,0.00319218777642386,0.000414974594702995,0.0279862389127345,0.0282444631348325,7.22321665788751e-05,0.0766125574451612,0.0701879332933683,0.000416882449248351,0.0126904018646264,0.0142164625099742,4.42546695340028e-05,0.0063544165979917,0.00575515857300567,2,"HCTAUXIN2h",0.285261945883708,0.517071218085563,1.20814774331093,1.17604513155512,0.241957206935994,1.13134382857547,0.199392536388771,"down",-0.51358766779725,-1.56664752587813,0.628926673483117,-0.926503407480209,3424.45671958878,2398.75773567111,2.15030432719176,1.13134382857547,-0.926503407480209
"16","CMTM7",0.00210117330203982,0.00617042804979906,0.00803602023340736,0.00141843215775006,0.00226399391320203,0.014925004874429,0.0137676730024834,0.000413592530670744,0.0307729458844778,0.0199564018006104,0.00224760913562121,0.00801832769535708,0.00931632676679235,0.00029310627032736,0.0037922648416536,0.00265870261996617,2,"HCTDMSO2h",2.87806191117093,4.64865734744561,8.93869742819634,1.23805021715661,0.40258402313517,1.1629158968171,0.363952834629834,0.00228204933939972,2.48234745783448,1.40544124799876,0.00141843215775006,0.00206715130413444,0.0719254462910132,0.0435496890155768,0.000226888786325242,0.134194389710255,0.0755533752708366,0.00207693321997993,0.0348629996702869,0.0226908604969576,0.000146782532604749,0.020995443228283,0.011951698799615,2,"HCTAUXIN2h",1.81970046082949,2.85228470290301,5.96686078121151,0.686095305816982,0.121950396128407,0.658160913869149,0.0934609008143334,"down",0.113936339711599,-2.12032342238889,1.28427817327269,-0.821234506562485,444.917216321784,481.479130084722,1.1629158968171,0.658160913869149,-0.821234506562485
"17","CNN3",0.000481002220062144,0.000572000360576932,0.00205331275337256,0.000333427936894977,0.000524352279429995,0.000930517208328982,0.00239549109653813,9.83902049202208e-05,0.0031815782888828,0.0026861224007102,0.000514701638536017,0.000677694746445309,0.00217331066336562,5.67650751523001e-05,0.000183486413284128,0.000209440634497938,2,"HCTDMSO2h",5.62597682565346,10.1387377617912,18.8719687386167,3.30592348358016,0.918117956558184,3.20697257082788,0.860323823985218,0.000440048402663855,0.000405025574083761,0.00123074192406337,0.000333427936894977,0.000557314736718548,0.0019265957236006,0.00209821583382426,0.000177054424255946,0.011359795908256,0.00605126256733953,0.000528023753449862,0.000619075553475018,0.00139252088778557,9.8599510699238e-05,0.000262944212920675,0.000197396574277947,2,"HCTAUXIN2h",3.84424574560138,5.75768465607868,8.88276585296789,2.47101229968951,1.22239639374199,2.25029992253497,1.01760380671237,"down",-0.0368664561784905,0.130520097415208,-0.642195446828243,-0.511094716196066,1942.87316209899,1893.854193995,3.20697257082788,2.25029992253497,-0.511094716196066
"18","CYP24A1",0.000989882347156373,0.00275716288110539,0.00938209556674876,0.00190442019673013,0.00100776767091343,0.00302605366112981,0.00977372377778944,0.000110179332643924,0.00134494992779803,0.0018729440021303,0.00100338640622501,0.00286195903890564,0.00954459665170618,7.07400669780664e-05,0.000514757176513708,0.000820957587804438,2,"HCTDMSO2h",2.60258829873281,5.73691430367542,14.3072075502132,3.37759095901,0.505258097805004,3.33628833978522,0.486782462519926,0.000862748643474006,0.00576921775299609,0.0106763719641358,0.00190442019673013,0.000895942333237035,0.00928024300737782,0.0148813679732113,0.000105455642550202,0.0174916933282176,0.0209065648922185,0.000891238970744814,0.00664515385831984,0.0117338443284352,6.83407967711672e-05,0.00201020589665795,0.00246009789301042,2,"HCTAUXIN2h",1.45803288145371,3.02066448925628,8.00184635415072,1.79039514072919,0.280111371841278,1.76742199053456,0.272179756223647,"down",0.170993074715848,-1.21529957928391,0.297919620480461,-0.916597439962851,996.625022818722,1122.03352055431,3.33628833978522,1.76742199053456,-0.916597439962851
"19","DCTPP1",0.00145481035094467,0.00354822246102443,0.00779583692524892,0.00119186198273224,0.00153111862933358,0.00507605641774327,0.00931654925812844,0.00021949662356015,0.00482831765507115,0.0047290462268261,0.00151338517216273,0.00403929819607477,0.00831665950571619,0.00014182121888633,0.00118190828454701,0.00126596618111692,2,"HCTDMSO2h",3.80339348235928,7.17599710264537,15.7106520776789,2.1029550149233,0.475783004052133,2.0593577339915,0.456203301517848,0.00134270649533805,0.00350330072654721,0.00571761573462467,0.00119186198273224,0.00147046749217477,0.00714455813014214,0.00843404840180814,0.00026973105090657,0.0100873649932692,0.00741375315198272,0.00145219563298938,0.00456711956455696,0.00656212048315838,0.000183967802397968,0.00186452550065981,0.00149680663304035,2,"HCTAUXIN2h",2.6582827406765,4.4706823357848,9.06188566427887,1.50823100348094,0.456022596221734,1.43796481174916,0.424638221646437,"down",0.0595433955420219,-0.177179904027873,-0.341842084957799,-0.518166092163193,660.770317031014,688.612455018526,2.0593577339915,1.43796481174916,-0.518166092163193
"20","DST",0.00318998489425235,0.0246948720846396,0.0196517195377584,0.00270139148955935,0.00314615913809344,0.0464848071089023,0.0323383977429714,0.00045013431654948,0.087187654808285,0.0512397848482839,0.00315998743542881,0.0238016893111106,0.0191098373562734,0.000312134926884368,0.0123624758602296,0.00745204966885765,2,"HCTDMSO2h",1.66415703146007,2.60111108693026,4.98312411310172,0.849155844367548,0.205753125729932,0.805162223756709,0.17710947973685,0.00299772250193725,0.00968464175907784,0.00629339790731233,0.00270139148955935,0.00316758456380978,0.0355832061307717,0.0146114104936717,0.000951687205011586,0.101684258237395,0.0326455956715837,0.00320451371512204,0.0124707225809071,0.00723033620613379,0.000671963375982128,0.00851326949488182,0.0030328972761452,2,"HCTAUXIN2h",1.10126582278481,1.44141381771569,2.15312351281818,0.771550684296688,0.739218056528186,0.5828345355418,0.26204251313361,"down",-0.0201866224686041,0.932518911120346,-1.4021808613273,-0.466193120081227,316.456954476561,312.059828385511,0.805162223756709,0.5828345355418,-0.466193120081227
"21","DUSP2",0.00776161427468819,34.5984141465802,64.0120440694234,0.0341619577241249,0.00762654316786875,2.23018685793814,4.20090813170245,0.000376064575328816,1.73753705792988,3.21638371491435,0.00761668702709484,1.73936363784668,3.2923277158382,0.000252596417814933,0.653339007112605,1.20997478609031,2,"HCTDMSO2h",0.839589522009182,2.92160847314973,18.7749367601657,1.90072528612565,0.111624746128087,1.89704966706821,0.110989971977827,0.00528336821440714,32.1383642680821,76.1863889369547,0.0341619577241249,0.00516791787619213,1.51403937784503,3.65281435379257,0.000272987802768923,1.30106001994298,3.07860288605692,0.00516068496073615,1.15632736335987,2.80579889404481,0.000183212249131314,0.449670795757084,1.06403288197141,2,"HCTAUXIN2h",0.727509401214926,2.84504305928391,19.800993996711,2.43999373315253,0.159950933972856,2.43378706480593,0.158897330417717,"down",0.561601053448974,0.589009687912655,-0.230696340360303,0.359445499553314,131.290677487824,193.772727381784,1.89704966706821,2.43378706480593,0.359445499553314
"22","DUSP4",0.00751851198726382,0.0231459741415584,0.140172808418416,0.00843937024900234,0.00751364514815973,0.0236778438277363,0.141817036127999,0.000476720781068587,0.00499179789545722,0.0162434343493808,0.00749888359504498,0.0229737752456121,0.139663717633345,0.000319844046406116,0.00305668445048014,0.0100420407958591,2,"HCTDMSO2h",8.14586141817202,30.1801264418358,138.741748371679,6.10508951483051,0.584153568186415,6.07971130118363,0.580175662900727,0.0036944893504959,5.34354799898457,20.5766818742542,0.00843937024900234,0.00354933045702791,0.220614309375148,0.880496611777157,0.00015275016639023,0.245497828440692,0.944328543248648,0.00355091377639293,0.143993134039742,0.585265840087813,0.000100884890153066,0.0616470722455748,0.235611781699932,2,"HCTAUXIN2h",3.33169319826339,15.2549579145558,103.218920792135,4.10214008200964,0.231109531806745,4.08434090028168,0.225166802602661,"down",1.07848549957099,-2.64794016472889,2.06713479541235,-0.573899531983124,133.353183487308,281.617651954313,6.07971130118363,4.08434090028168,-0.573899531983124
"23","E2F1",0.000203998655775513,0.0026356133768094,0.00387889959240579,0.00183110110140242,0.000227236284300221,0.00776595788802762,0.00833967583410457,5.77402202700866e-05,0.023933604806739,0.021067639099255,0.00022607159623809,0.0035964402131836,0.004704542546089,3.33120682364727e-05,0.00155028033739756,0.00135837161251295,2,"HCTDMSO2h",0.304161073825503,0.531110202243142,1.14280217643501,1.38527575090947,0.41326053548279,1.31014107407109,0.319501119006805,4.87499872149274e-05,0.000271255293344932,0.00143544229951844,0.00183110110140242,0.000128756354499738,0.00193879695014524,0.00256303664703966,7.22086082684848e-05,0.00706625665394852,0.0046459375495443,0.000121622256724473,0.000935128100679148,0.0019019617481788,4.40699080846321e-05,0.000514255674733659,0.000370405861703041,2,"HCTAUXIN2h",0.238836070296744,0.370211725071737,0.673867780922209,3.00844289073914,4.5830287570354,2.03186357148486,1.09967356728348,"down",0.894372478090573,1.9433337065471,-1.30656621561865,0.633081368873149,4423.377446085,8222.17928635738,1.31014107407109,2.03186357148486,0.633081368873149
"24","ELF3",0.007257434414839,9.75163945070848,18.1143840705427,0.0127879273714151,0.00688796192586413,0.351813285177876,0.687704489906045,0.000355573062049633,0.390476646410674,0.724635647516402,0.0068898360257807,0.242492954635495,0.484683310990685,0.000238404541615945,0.102377349892286,0.189665643166821,2,"HCTDMSO2h",2.09819260857837,5.88461232545926,24.0713498056726,2.02173842822799,0.135795458380381,2.00963789691825,0.131176960756372,0.00525287575890131,6.07510067479049,7.27951319683375,0.0127879273714151,0.00482456449367064,0.20766015929905,0.268626920875962,0.000362053585558445,0.237847285760522,0.284115332934958,0.0048258897921929,0.142578421619263,0.190790967238525,0.000242584672818775,0.059399716508399,0.0710327446504211,2,"HCTAUXIN2h",0.981181239143023,2.12790294746505,6.65198728842794,1.36019999716339,0.12899461353405,1.3466793478283,0.122886542770904,"down",0.513674678594685,0.76618717685613,-1.34504953695782,-0.577529197719249,145.141335186811,207.215672769352,2.00963789691825,1.3466793478283,-0.577529197719249
"25","ERRFI1",0.00832807367291653,0.0106717450078886,0.2508290854087,0.00688332757135395,0.00834706925761223,0.0108265047237661,0.251875585167981,0.000489872599514807,0.00163236210285231,0.0107270120936295,0.00832884490829486,0.0106859828509977,0.251017513067771,0.000319324501948078,0.000881559876845911,0.00669355573631375,2,"HCTDMSO2h",31.9478096268253,205.837460048129,975.049057617105,23.5402690763319,2.03969184400645,23.4912217764138,1.99961318457269,0.00632319129841594,0.0176591124343294,0.210064502927352,0.00688332757135395,0.00632492130929017,0.01794965707452,0.211760387512383,0.000337180594567856,0.00295699994263824,0.018002092328201,0.00631547763635136,0.0176075719286234,0.209809898768563,0.000221924362141111,0.00184746610364974,0.0114332931721776,2,"HCTAUXIN2h",16.09001447178,97.0885688854632,663.41790023724,11.9458288415352,0.946998562230655,11.9157032734029,0.938066055936859,"down",0.399224579859979,-0.720476369267494,-0.258705276639462,-0.979257646802706,120.064668151532,158.341151308031,23.4912217764138,11.9157032734029,-0.979257646802706
"26","EZR",0.00452895848594419,0.0255207262223859,0.0728970891331151,0.00149270994700736,0.00453747223868489,0.0451549270855216,0.112377256246081,0.000412235748306301,0.0974527528624224,0.19615229184474,0.00452226478851304,0.0253824222838165,0.0726131821589683,0.000283301522471339,0.00915693848868046,0.0189450369708076,2,"HCTDMSO2h",14.7200323974082,43.6016937354514,186.594803239269,2.90162344894414,0.464927996994339,2.86225061574822,0.46678325736841,0.00437538300562133,3.06861195051542,4.69282979051161,0.00149270994700736,0.00405124278888856,0.110993835169782,0.18320686092772,0.000261405179877331,0.154899928912162,0.236115626169619,0.00406387923807103,0.0660592111236943,0.114783609192195,0.000173014523680712,0.03127687159749,0.047913876957054,2,"HCTAUXIN2h",8.94904458598726,22.634346220942,88.5504898033005,1.77754157082676,0.189572997105699,1.74360309064385,0.168807242019367,"down",0.154187935788605,-1.37992998675515,0.660613260324335,-0.7150783324307,221.128139718862,246.070304115302,2.86225061574822,1.74360309064385,-0.7150783324307
"27","F3",0.00106049696836636,11.6100820478928,12.6183707764315,0.00297001907285812,0.00104142045522391,0.25192979055684,0.277812225898764,6.70407663857687e-05,0.341124412043914,0.371376196696171,0.00103925708806432,0.163173446295013,0.18151672572332,4.13158477164698e-05,0.0775971222627248,0.08436904514776,2,"HCTDMSO2h",0.77475780409042,1.77569221798269,6.78908168905849,1.11969527273716,0.0746075963910395,1.11700312361386,0.0739858376544938,0.00141151128953497,3.60249647768969,1.58459584241614,0.00297001907285812,0.00127650887823613,0.07698951634489,0.0358038978962174,0.000184034349627353,0.136788180288667,0.0600188487727758,0.00127721518837284,0.0389718161353488,0.0191688509086517,0.000115960909459428,0.0235123598283011,0.0103317203606742,2,"HCTAUXIN2h",0.417626728110599,0.605541833018327,1.15005630890649,0.52133620806916,0.10265500836968,0.502617862879343,0.07754895338896,"down",-0.297449026711416,2.0659032327346,-3.2432667291455,-1.15209937004702,962.225816388286,782.953420146835,1.11700312361386,0.502617862879343,-1.15209937004702
"28","FGFBP1",0.000262235621530472,2.53193256513843,2.53210586014393,0.00140409464631494,0.000247751923771243,0.0467008078870502,0.0478198426558382,3.9054491922284e-05,0.0961442294405304,0.0960664987711781,0.000247527790793733,0.0205782305425412,0.0217488736120411,1.52951289724607e-05,0.0121461461071483,0.0120676122798849,2,"HCTDMSO2h",0.371674281107229,0.725335788559178,1.96090613911523,1.08509915388096,0.121584373027397,1.07251968005989,0.11255324657494,0.000362191949931409,0.0089556277647149,0.00380040565418877,0.00140409464631494,0.000371310729970277,0.0420607482471021,0.0151348309963884,8.91736020737924e-05,0.111983629639958,0.0382049965540566,0.000374369132317518,0.0147591140326003,0.00574552616078694,5.03465359768733e-05,0.0110020820137086,0.00380454446112963,2,"HCTAUXIN2h",0.210374639769452,0.281390925927464,0.455748099483119,0.455738557468234,0.252510411852145,0.405799581996282,0.08848193260847,"down",-0.596870975363178,0.479512813560631,-1.9204297623998,-1.40216483638716,4039.95041038972,2671.16039671738,1.07251968005989,0.405799581996282,-1.40216483638716
"29","GINS2",0.000199223590048941,0.00177577814873389,0.00733480063537875,0.00124955340810176,0.000202499420851147,0.0019273880398902,0.00769655894061476,3.52560158550502e-05,0.00103458642564874,0.00179222703996545,0.000201893634496036,0.00185231708086401,0.00752266264568914,1.01284065411555e-05,0.000255464613954815,0.0006504717373318,2,"HCTDMSO2h",1.18287099380555,3.54452749668894,13.504468221597,4.08171233743821,0.369764970603549,4.06282546214929,0.362200753887636,0.000175012383277646,0.00222354401354814,0.00771840826419776,0.00124955340810176,0.00017891117835408,0.00256584981629412,0.00850474342305941,3.19304065435057e-05,0.00158438106710756,0.0033533535132201,0.000178204287162736,0.0023744415027655,0.00806347154295267,9.63078181293515e-06,0.000402167470147621,0.000942977283686981,2,"HCTAUXIN2h",0.899394638224272,2.61051851505917,9.80851694073636,3.41219521244433,0.327983827916587,3.39722561686949,0.322210587689663,"down",0.180063379638323,-0.358257132868964,0.100157697736081,-0.258126354324418,4953.10316492238,5611.53727512067,4.06282546214929,3.39722561686949,-0.258126354324418
"30","GNG5",0.00393574379279558,0.0100123502561405,0.0354110183347093,0.00230009714553465,0.00399302492009226,0.0113317627945135,0.037698359131111,0.000372800346096853,0.00473770266833745,0.0083902825620663,0.00397227010018778,0.0103666796574747,0.0360613014594713,0.000246088191595106,0.00216031675982368,0.00398007626890508,2,"HCTDMSO2h",8.68716289104639,22.2554231266488,64.9429337288443,3.51230027867503,0.536921394443601,3.47949352233628,0.528427233772316,0.00370949333967707,0.0102708309065449,0.0253199018032497,0.00230009714553465,0.00380145475529696,0.013116233446823,0.028859515813191,0.000451400016571104,0.00980077930298188,0.0122570485606812,0.00377019022736028,0.0109175618124916,0.0261693764836793,0.000298967018731285,0.00300587723239506,0.00398733871229549,2,"HCTAUXIN2h",5.8416955017301,12.490798970718,31.4213102702575,2.43519021072069,0.474006213160806,2.39786918927039,0.464775891515252,"down",0.0753264068828911,-0.0746968117962994,-0.462571913976801,-0.537124363900171,251.745217414276,265.238605931074,3.47949352233628,2.39786918927039,-0.537124363900171
"31","GPRC5A",0.00473244709789492,0.0125450504619644,0.0452816057154275,0.00362271041997054,0.0047693723150204,0.0136038627245329,0.047144387356403,0.000423057717782878,0.00459192676905071,0.00841432231351886,0.00475004949727122,0.0127262581305813,0.0456277034625274,0.000281191566798636,0.00241995712380628,0.00455373604917446,2,"HCTDMSO2h",6.84673502428494,17.5874110884495,52.401049892471,3.61827468251044,0.511516372830775,3.58591930819492,0.502161900173545,0.00273562392504587,0.00505806753773154,0.0292041659519965,0.00362271041997054,0.00275718290552798,0.00528504059262343,0.029668818377202,0.000254516736531278,0.00132397944748644,0.00289374935141554,0.0027467939075379,0.00511393205330832,0.0293326877686515,0.00016852105106975,0.000750614748036287,0.00172982309604952,2,"HCTAUXIN2h",5.6595437481952,15.0844938143581,44.4578437923792,5.78859620361324,0.786522106589332,5.7363221587742,0.77208614420204,"down",0.790193878142526,1.31530339229367,-0.637400769750605,0.67778302534458,210.52412202746,364.060804582298,3.58591930819492,5.7363221587742,0.67778302534458
"32","HMGA2",0.00507729773508381,0.0115221655505265,0.0163143202564564,0.00438240096216257,0.00525487294012483,0.0174754705049753,0.0197766345239793,0.00109460150518355,0.0225544276935245,0.0132480120472102,0.00516865260528674,0.0121388557197786,0.0167062768298251,0.000727796063182297,0.00477657440898764,0.00318389051510227,2,"HCTDMSO2h",2.27707605482397,3.48866825785447,5.95845150039087,1.46328288787989,0.512017115950141,1.37682658028477,0.447688945356134,0.00417570348545547,0.00848401748106582,0.00833541379733758,0.00438240096216257,0.00441725858629112,0.0248753008403505,0.013994700629625,0.00162412938941072,0.08954399756562,0.0310063924261012,0.00431247901238572,0.00922066105944647,0.00861300186471338,0.00113004507775021,0.00569791679977055,0.00242303742101306,2,"HCTAUXIN2h",1.25468164794008,1.6574074973267,2.39447325074636,1.2837831869936,1.49521602984905,0.935730267856883,0.525584644381767,"down",0.261270803730144,0.396690340032904,-0.955802200676969,-0.557182228832789,193.47402047821,231.885186485067,1.37682658028477,0.935730267856883,-0.557182228832789
"33","HOXB8",0.00136153246921385,1.13500446691078,0.914659356400948,0.00387385564944408,0.00123629675250646,0.0777416461872305,0.066383894719714,0.000124657146104505,0.162392250221347,0.129891702820815,0.00124065902027884,0.0417736813246811,0.0376285369877276,8.00681305133779e-05,0.0216474496283175,0.0173758378992471,2,"HCTDMSO2h",0.847539661199247,1.5091570282065,3.6389501319741,0.928525750619627,0.11837646991377,0.909388659159229,0.103039207192612,0.00158370808578881,0.0272112761519646,0.0182326189990564,0.00387385564944408,0.0015368583749624,0.0506429876957635,0.0308272650464551,0.000252194323478211,0.0932115540600549,0.0504963316436722,0.00155466550101433,0.0251548933555282,0.0170687560260883,0.000163568537628717,0.0142802897150558,0.00783381853972945,2,"HCTAUXIN2h",0.776528258362168,1.1804525375521,2.21922011383344,0.729715348214633,0.189546956302792,0.684352895603225,0.130920640219511,"down",-0.325497542984292,0.731755213946782,-1.14046927961625,-0.410156550845915,806.023237372058,643.225182103518,0.909388659159229,0.684352895603225,-0.410156550845915
"34","HS3ST1",0.00498023397773377,0.0529342983366943,0.21155677990779,0.0145764678092561,0.00498907689253915,0.0569894261175922,0.223963866564977,0.000272160857002471,0.0198907068219083,0.0608378089424173,0.00497912010216069,0.0529003458100713,0.211477704472578,0.000181396751672827,0.00865726818551548,0.0261834562330843,2,"HCTDMSO2h",2.49124225276206,9.00982629297084,43.2612060243207,4.00412008631438,0.284496945008802,3.99821227460809,0.282835793157075,0.00582095720693501,7.68682173367907,4.84698000494242,0.0145764678092561,0.00498081901780414,0.157255828968818,0.1119862822035,0.00067077131385074,0.23893463549496,0.150077503184026,0.00499796943710582,0.0971188176535805,0.0742296533546901,0.000439441097605771,0.047511709829326,0.0301021166996249,2,"HCTAUXIN2h",0.50318287037037,0.814225980447317,1.73347234699304,0.799269807693419,0.153462344260039,0.771949125262289,0.120902363030567,"down",-0.00545126397770932,-0.876473704723721,-1.51043803516825,-2.37277739424385,200.838698300539,200.081255514654,3.99821227460809,0.771949125262289,-2.37277739424385
"35","ID1",0.0198368395905841,0.22037641804787,1.81879445547837,0.0404648736001366,0.0197254546707684,0.221914767856921,1.83042615182654,0.000775080227789264,0.057848109287907,0.383091687527057,0.0197116502428754,0.211076547297998,1.7584229509602,0.000518719170382188,0.0310876356491993,0.204911100464554,2,"HCTDMSO2h",7.4215367965368,51.2157049975637,535.338460152984,8.34492159980947,0.460325261683714,8.33319930557025,0.452965070129673,0.020165318493891,11.9558412072445,65.1911830283674,0.0404648736001366,0.018957615044839,0.556279777287678,3.27954672209579,0.000755697046518914,0.416103783732639,2.26132963381565,0.0189541062947548,0.446663549937769,2.68239203891337,0.00051183029813864,0.12585085878106,0.67805051482179,2,"HCTAUXIN2h",5.39269141531322,32.7489257029193,317.207966394782,6.03060603535605,0.330628415692002,6.01444123753931,0.329888548231629,"down",0.056538129075271,-1.08142223821323,0.609237984869944,-0.470439773272677,50.7314196263929,52.7590161439969,8.33319930557025,6.01444123753931,-0.470439773272677
"36","IRF1",0.00312318856459111,0.135688140680512,0.067928670534575,0.0161782689301881,0.00235645546368826,0.0741126598165029,0.0405896873431019,0.000811444113369097,0.132592881614463,0.0583970422044393,0.00243570386953759,0.036991609941144,0.0243836196046613,0.000531987373381299,0.0241764372038496,0.0108459662570418,2,"HCTDMSO2h",0.188826215417674,0.268669129884871,0.474700806154619,0.986018097024414,1.82931225624335,0.668272206602498,0.230511604320129,0.00129976666130172,0.0201738290729306,0.0198944447601445,0.0161782689301881,0.00111093452446312,0.0309491071767679,0.0255433749982602,0.000562296436417977,0.0749651004232001,0.0409504787527895,0.00110186525926013,0.0139784182584902,0.016397637156149,0.000423177696383405,0.00964142150664208,0.00540201127714476,2,"HCTAUXIN2h",0.148819804260219,0.221088129302667,0.399148572164985,2.17734213540572,4.22666887205547,1.17819172005441,0.644238825317263,"down",1.14439092662369,1.40399697011256,-0.572424359071654,0.818066540405774,410.558940479841,907.55198205584,0.668272206602498,1.17819172005441,0.818066540405774
"37","KITLG",0.00271567395641851,0.00496104935237255,0.0115931134326861,0.00275130941094982,0.00283710097772482,0.00662260193205172,0.0129614043020152,0.000554781932878694,0.00563185962456365,0.00468843298348096,0.00279338111260437,0.00534620106338251,0.0119481024004113,0.00036346983840595,0.00175849344952718,0.00165824255692674,2,"HCTDMSO2h",2.98114224137931,5.1267995573536,10.3897232758886,2.34572258046496,0.734439293108715,2.23528595237521,0.662123007357419,0.00235571519715823,0.075427417433894,0.0582581809147414,0.00275130941094982,0.0021992373622325,0.0684773010077211,0.0531654466863512,0.000235596733199454,0.171044296618104,0.121470320739234,0.00220689689410839,0.0341472555279959,0.0288131670326203,0.000156994733272201,0.0177174415925366,0.0126786984938919,2,"HCTAUXIN2h",1.28184438040346,2.16955509970185,4.80542843813101,0.87706626567408,0.139459384668168,0.850607950267381,0.121199283192852,"down",0.339993191235576,-2.67518362984201,1.26994673737396,-1.39389315779428,357.989103415847,453.124929700901,2.23528595237521,0.850607950267381,-1.39389315779428
"38","KRT19",0.00551933516206682,0.0220391976309034,0.377817337983044,0.00329489687918719,0.00553432664686935,0.0229507095964034,0.386926534470572,0.000394780050247184,0.00528205181995299,0.056060836964065,0.00552404423606076,0.0221764359497482,0.379137216507111,0.000184365561305569,0.0031341516580409,0.0339201672867698,2,"HCTDMSO2h",45.930446549391,494.122631870963,7716.92091812101,17.1710563414688,1.46153411568481,17.1078071897463,1.37319883183358,0.00579807015072034,2.15002153278864,13.8562318601419,0.00329489687918719,0.00560846223945183,0.273992352468571,1.83677395102889,0.000236071488354498,0.225721594626825,1.44717467862626,0.0056129235748302,0.206598855532707,1.40541692864632,0.00013037221423979,0.0882737971278951,0.566538059189909,2,"HCTAUXIN2h",22.6129312844303,169.623735362341,2287.91477899408,6.86729092005321,0.361216133155012,6.82369453069083,0.320369786962885,"down",-0.0230275431827864,-3.21973283349797,1.89020619641912,-1.32602988323076,181.026790747264,178.160273637834,17.1078071897463,6.82369453069083,-1.32602988323076
"39","LIF",0.00400737737088046,0.00848874747363553,0.0117177063002163,0.00634614546475907,0.00402354074356322,0.0156176573928135,0.0149049532977099,0.00153149115844019,0.0456118494399688,0.0208056487770657,0.00393237460828072,0.00810290403832466,0.0114972093675474,0.00104387696256854,0.00454216864708069,0.0025759639403832,2,"HCTDMSO2h",1.18421052631579,1.68572276556052,2.84412034240726,1.90185330281042,1.93085720042846,1.41949024568558,0.749090107732848,0.00439857111411958,0.0207715189056636,0.0116111372997212,0.00634614546475907,0.00391657549042934,0.0361956844931079,0.0162221214887685,0.0014877570422911,0.0905480567388711,0.0286543098311004,0.0039612657187039,0.0147658072216742,0.00953791501834025,0.00105568417093999,0.0101470194158752,0.00361380241060074,2,"HCTAUXIN2h",0.639400921658986,0.831373834653528,1.25099072738328,1.07073365841212,3.19400440753246,0.648955140298915,0.331055267714855,"down",-0.0105607162544673,-0.865749268196814,-0.269537895316087,-1.12918227634149,254.299271970229,252.444564695143,1.41949024568558,0.648955140298915,-1.12918227634149
"40","LRRC26",0.000400839726648236,0.00238364391881894,0.00315959334518362,0.00202526553040621,0.000458601568884754,0.00756165756374542,0.0063809089886025,0.000135713464942105,0.0360983351204219,0.0221908581916902,0.000457607439936372,0.00334890724225074,0.00377588723318019,9.06206004431616e-05,0.00167869611165478,0.00109778310424029,2,"HCTDMSO2h",0.449100188020414,0.697046598342699,1.30818881171789,1.30553536456094,0.850367752557,1.129654506906,0.388913289698222,0.0006644701366223,0.00972029550862953,0.00511645984794019,0.00202526553040621,0.00067987027207926,0.0383840904947903,0.0164434598464315,0.000156632551640731,0.0821834783452958,0.032546874384918,0.000691875737710389,0.0139492654959673,0.00676379863504036,9.49055847324446e-05,0.00973265963730969,0.00390869324744342,2,"HCTAUXIN2h",0.32315668202765,0.445684966234152,0.738667532574237,0.567404845825072,0.320260915870716,0.49653278657843,0.116800464651399,"down",-0.596402442033779,-2.05842683631696,0.841018030656503,-1.1859207181394,2185.27915573017,1445.34624571355,1.129654506906,0.49653278657843,-1.1859207181394
"41","MCM3",0.000325354323820617,0.00460577092268203,0.00601578979274864,0.00074329041554759,0.00034354464469295,0.0196132268477119,0.0217397342210011,4.37972599368647e-05,0.0419643883661691,0.0440537404889908,0.000345135804485915,0.00838065814738407,0.00995913856716964,2.17208106926998e-05,0.00467832648837459,0.00490307618143253,2,"HCTDMSO2h",1.06725854183481,2.10793257049806,5.53670154540329,1.2276403811247,0.160629292435552,1.19808022455384,0.144742515199142,0.000335407423460322,5.0157159478622,4.89930898486251,0.00074329041554759,0.000328814461749187,0.0807991042891751,0.0797780700818795,3.98721337826966e-05,0.163824007803364,0.159510214165463,0.000327961739534841,0.040698739567349,0.0406952949753088,1.42032663141887e-05,0.0230315169251589,0.0224533387762055,2,"HCTAUXIN2h",0.879861711322386,1.79167454152159,5.45041875521434,1.01257985576212,0.0746598661998228,1.00880816385866,0.0726876851685044,"down",0.0736366292453971,-2.27984866438779,2.03076914118091,-0.24807265960011,2897.41019912297,3049.13616270707,1.19808022455384,1.00880816385866,-0.24807265960011
"42","MCM7",0.000114484687590067,0.0031160509573861,0.00322021514772913,0.000205799939779342,0.00011873528075863,0.0244012803251784,0.0228901866720866,3.26884361327508e-05,0.054928931156098,0.0508508961719282,0.000118793798867987,0.00930211724195639,0.00893308810526936,5.71616227306289e-06,0.00666940524047648,0.0061674910052696,2,"HCTDMSO2h",1.10782468405485,2.09135851080775,5.36553740799655,0.9915126841174,0.0994396383204174,0.976336618295467,0.0817151819079867,7.54230720223569e-05,0.00156767225126537,0.00193736945605833,0.000205799939779342,8.13245937619355e-05,0.0230863610562082,0.0246095631869624,3.09953168011932e-05,0.106982491254349,0.113021979403728,8.13175792194338e-05,0.00727283963056874,0.00794228160170445,4.12995540071617e-06,0.00540593913523559,0.00569594563434041,2,"HCTAUXIN2h",0.862586605080831,1.7028265658252,4.42281304213727,1.1284374486093,0.114746042385162,1.11191089685787,0.098381933220725,"down",0.546820355581041,0.355040358839443,-0.169605477029389,0.187590635549182,8417.94781822981,12297.4639628846,0.976336618295467,1.11191089685787,0.187590635549182
"43","MYC",0.0185961607250772,0.0679508839387158,1.55099051274026,0.0324305258864021,0.018471502119338,0.0674043225356249,1.54347307654755,0.000928196890641688,0.00989636253763676,0.127996065657257,0.0184625843353307,0.0664753187300821,1.53356608395817,0.000608021240264281,0.00634185892420609,0.0796615401977327,2,"HCTDMSO2h",30.8464449851311,346.708510611397,4883.54060422677,23.1237373420679,1.68971287974313,23.0641026142658,1.57822427935126,0.00941026997173117,0.275369524599187,3.38208111307966,0.0324305258864021,0.00932936405170367,0.280794901251913,3.45050372699373,0.0003347101381826,0.167469268432211,1.88080934053265,0.00932425977436741,0.24356043130404,3.03176283183762,0.000219049142860493,0.0505680296938209,0.558896207760544,2,"HCTAUXIN2h",10.3303416328894,115.766091545128,2065.8845270231,12.4652013729355,0.585279205888317,12.4508588734216,0.572851459083892,"down",0.985543407399963,-1.8733890783036,0.983266562936114,-0.889403896283,54.1635982177405,107.247119256482,23.0641026142658,12.4508588734216,-0.889403896283
"44","NR2F1",0.00251541700299869,0.0216981040150703,0.0358273230885232,0.00496520559278547,0.00254622492862644,0.034261263142615,0.0507734302614986,0.000261819307384468,0.0576825514977958,0.0688975370148582,0.00253684016547205,0.0227477010924896,0.0370774661582368,0.000177651490950592,0.00736584990445896,0.00887657692595091,2,"HCTDMSO2h",1.49824939402101,3.11937479694617,8.43743679732305,1.64955609686327,0.235728226285428,1.63071591866571,0.232106525479473,0.00162084054691741,0.00959145846061636,0.0202713654795582,0.00496520559278547,0.00164653957784896,0.0111844289893696,0.0221940437331216,0.000191136306255382,0.00901172811791291,0.0111146750909133,0.00163858027033455,0.00994770755713321,0.02070867482524,0.000125575291080753,0.00226154903291513,0.00286306100342621,2,"HCTAUXIN2h",1.17964244521338,2.40919341310036,5.97235075653266,2.10927359670457,0.315789295706196,2.08277616290503,0.301972616167588,"down",0.630586275771951,1.19328475142327,-0.840307418209539,0.353002323417368,394.191172786766,610.284413955399,1.63071591866571,2.08277616290503,0.353002323417368
"45","NXT1",0.00741619857467385,0.00691498586664587,0.024167200250526,0.0103849268594446,0.00731488537258278,0.00762302365114505,0.024449118522034,0.00225150984299728,0.00526242665709333,0.00389665648845307,0.00712218981547047,0.00639015136165702,0.0237186112005555,0.00147241384022783,0.00240508690519402,0.0020851962166023,2,"HCTDMSO2h",2.40843179377014,3.5267924923941,5.23966646477682,4.24664383989071,2.28385883075204,3.71347844029174,1.61836761662422,0.0084859164757655,0.0164127424007496,0.027008657551967,0.0103849268594446,0.00831350163477556,0.0205495186891569,0.0291014201209232,0.00224509583636347,0.0274515238023733,0.0156905306867723,0.00814884940494092,0.0148375738002048,0.0259445404347617,0.00146167478752606,0.00604138453466398,0.00415154875183459,2,"HCTAUXIN2h",1.77262247838617,2.65348678254948,4.4197679937326,1.95110101013642,0.930920385134671,1.75017895574962,0.676172156552826,"down",-0.194275483281296,-1.21533319627913,0.129411443097199,-1.08526875720991,140.406255085739,122.716711318001,3.71347844029174,1.75017895574962,-1.08526875720991
"46","OBSL1",0.00122031740957078,0.00409948472890859,0.00463900657050217,0.00141020181563737,0.00136995456642723,0.014697970346232,0.0106212526876182,0.000295306232075057,0.0356174106380486,0.0199508050986753,0.00136816728239153,0.00624427096434505,0.00591177767358127,0.000213601118051399,0.00343698560805936,0.00206467699703473,2,"HCTDMSO2h",1.50925677488597,2.30679652301219,4.27766799131643,1.04362042506969,0.422430304320376,0.948333445680386,0.326949233849579,0.00142815569766722,0.0084030397438222,0.00591304764083836,0.00141020181563737,0.00150026127923983,0.0372310522328782,0.0192284742138224,0.000284052885401451,0.140001098616612,0.0651413216920221,0.00152160412797256,0.0123799251070817,0.0077819066218801,0.000191749179813515,0.00793043190103997,0.00378639803150405,2,"HCTAUXIN2h",1.21812949640288,1.76134038610838,3.0868045928838,0.706324826158049,0.268765875431787,0.632563436420211,0.169190298683572,"down",-0.153348429493349,-0.987397538729918,0.396531654420519,-0.584184250342173,730.904775220188,657.201161337826,0.948333445680386,0.632563436420211,-0.584184250342173
"47","PALLD",0.00105938495509432,0.00289578819104469,0.00482980536281795,0.00127506405363802,0.00114517351976257,0.00542525766041667,0.00671519206862058,0.000213213584053209,0.0115274305452444,0.0084036724896505,0.00113041752966923,0.00354573342522513,0.00534713416218625,0.000140565263693608,0.00131488412517354,0.00106253265393306,2,"HCTDMSO2h",2.02903225806452,3.38786680541103,6.67425809808331,1.57657960466476,0.457360491176881,1.509284052876,0.416719083811697,0.00130543362813125,0.00380787960316889,0.00310118720183187,0.00127506405363802,0.00154432339220043,0.0248668612904456,0.0110344184278363,0.000392526540100939,0.0832062647983483,0.0311448858945876,0.00155673888731969,0.00740911031733158,0.00453927293110372,0.000282597826041139,0.00494463135293381,0.00200320803996995,2,"HCTAUXIN2h",1.24178674351585,1.68534320524213,2.61554539382977,0.730218353919385,0.402648883212918,0.614926102916273,0.244356876525344,"down",-0.461671237473108,-1.06321623891209,-0.236304639858913,-1.29537939799391,884.628886012237,642.3684846222,1.509284052876,0.614926102916273,-1.29537939799391
"48","PIM1",0.0032040789990858,0.0279467592270145,0.0252662418763749,0.0074612795263173,0.00312515268268395,0.0440096357942514,0.0351241003933156,0.000575332933474597,0.0715064355432458,0.0445208841289221,0.00313279904060336,0.0255831555048843,0.0237328587046844,0.000395088303967013,0.0118957820570667,0.00761767844975913,2,"HCTDMSO2h",0.69641412779725,1.09953149309779,2.16068872407452,0.989856762695214,0.31397107957094,0.930808843305072,0.22478247211821,0.00155092080847425,0.0209486689947427,0.0196041759409555,0.0074612795263173,0.00151985360998385,0.0349623132959312,0.028669593725372,0.000328710928896395,0.055850117385535,0.0365675663386888,0.00153183939643149,0.0201748009367702,0.0190538156415719,0.000220812043927356,0.00997092189619221,0.00662876698927135,2,"HCTAUXIN2h",0.36206399538772,0.578624278406752,1.15799776765571,1.03045700637792,0.360541530927915,0.948841026004076,0.234495575439325,"down",1.03218718040076,0.342639783016146,-0.316805953553331,0.027681473130859,319.203366395122,652.809950135477,0.930808843305072,0.948841026004076,0.027681473130859
"49","PKIB",0.000162087548293769,0.00216973484294552,0.00327634856461609,0.000645749541583731,0.000176766282138556,0.0124124394811775,0.0147803804883733,3.74174703845278e-05,0.0442822867769155,0.0497945760514584,0.000176966509582685,0.0037253389487489,0.00500826851504792,1.4270366217952e-05,0.00184367997784599,0.00206358300048232,2,"HCTDMSO2h",0.70472334682861,1.41186702872618,3.69045387059832,1.37849692787526,0.206182599519462,1.348536651615,0.200534272354302,0.00024042916850558,4.1351316512979,2.11019139708542,0.000645749541583731,0.000231873882798814,0.0498156150108313,0.0256574911583976,4.10320689081998e-05,0.0991237041726159,0.0501516387053222,0.000230802401248179,0.0209971396238405,0.0111018017587743,1.71682774428126e-05,0.0142599048505956,0.00723636705377798,2,"HCTAUXIN2h",0.379677605066206,0.576340022716659,1.14688600304915,0.547169510338106,0.0748384668746695,0.539041994604594,0.065318872072794,"down",-0.38318187360006,-2.49474920754363,1.14841001810107,-1.32292515576807,5650.7867073728,4332.71055496824,1.348536651615,0.539041994604594,-1.32292515576807
"50","PKMYT1",4.0720154627256e-05,0.000313720486497117,0.00112106136319783,0.00115366642651824,6.89512934767906e-05,0.00117088240521921,0.00178680466641921,4.2364924714045e-05,0.00522324217392226,0.00401687556486593,6.68502515068825e-05,0.000655515139420088,0.00138982841363288,2.01643783272208e-05,0.000317609297728826,0.000260243046655497,2,"HCTDMSO2h",0.2232070910556,0.363554903930378,0.693864097913818,2.78125444599011,2.57561692534161,2.12304348201511,0.959991906896307,3.16781920954808e-05,0.000226138121440743,0.00103721526515837,0.00115366642651824,7.38407915478009e-05,0.00252767744099668,0.00282737168669955,4.58521059122743e-05,0.0239873634374048,0.0188023296782395,7.08514427268498e-05,0.000724085232483019,0.00142936902291154,2.30138639339322e-05,0.000386518765265381,0.000310594693808672,2,"HCTAUXIN2h",0.220880069025022,0.360760456424729,0.706165867310896,2.60032039096298,2.38587817382596,1.97456801210299,0.960975149186271,"down",-0.083864242514333,-0.14353042722536,0.0404716471045677,-0.104596858454625,14958.8068475262,14114.0386351094,2.12304348201511,1.97456801210299,-0.104596858454625
"51","PLK2",0.0115229655500757,52.3855659792026,160.174019306752,0.0212399207971989,0.0112192228532308,0.987261856463627,3.10619451938369,0.000413456847283322,1.05135948073333,3.2153140733875,0.011215567719247,0.739773651866242,2.34940137174917,0.000277848058249135,0.288761738814451,0.881129856604673,2,"HCTDMSO2h",3.30470016207455,13.7094268549919,93.8143094364606,3.19504814099918,0.145863505331097,3.18830133688484,0.1432834090516,0.0085985473723779,16.4551416328331,26.968614655182,0.0212399207971989,0.00831508010739229,0.970452794564034,1.64487946567205,0.000410434242972822,0.852536401694274,1.40563072146293,0.00830585322725323,0.727178624185562,1.24404712896674,0.000275468789104083,0.287193145902786,0.473313249308458,2,"HCTAUXIN2h",1.32445730824891,3.75493006004427,17.7925208929855,1.72175756918014,0.0994613735418699,1.71788387724942,0.0983954716826335,"down",0.433302366616142,0.0247741263138895,-0.917252063472474,-0.892155470849563,89.1617816442674,120.397022754844,3.18830133688484,1.71788387724942,-0.892155470849563
"52","PSMC3IP",0.000135565568344662,0.00127228272047121,0.00332181794398797,0.0029556752967432,0.000175921912579252,0.00281511747996629,0.00455911381547095,8.01284069758652e-05,0.00435133151071012,0.0034646357548145,0.000172972897945082,0.00189981263864087,0.00382607566319442,5.08326483085975e-05,0.000944624578500569,0.000795479370860854,2,"HCTDMSO2h",0.216353887399464,0.360429601305263,0.720274817301212,2.7312588173456,3.12196563934421,2.01746565628621,0.886399647796854,3.14702858029137e-06,1.84068525702935e-05,0.00161381053436842,0.0029556752967432,0.000169435454036717,0.00418068712932519,0.00386863186597694,0.000105003401436451,0.0256546944008844,0.0135817744892551,0.000153730775735186,0.00140081614846815,0.00239210332800617,6.88409073126121e-05,0.00089142680220315,0.000519441203331639,2,"HCTAUXIN2h",0.159424460431655,0.228972330624709,0.37564530493417,2.77874348932755,3.84565619047655,1.70110099562668,1.10144170373909,"down",0.170139998049042,0.439589525368156,-0.677585695461954,-0.246075317013561,5781.25250764715,6504.87838376997,2.01746565628621,1.70110099562668,-0.246075317013561
"53","PVRL3",0.00365976460638808,0.0215206617104945,0.0253516626745644,0.00357027608247459,0.00367104241626218,0.0374310360205949,0.0378271255101205,0.000532391305844936,0.0554387113291646,0.0437660768537484,0.0036746758291186,0.0221876361658624,0.0258937306309407,0.000376716391975117,0.0102307714112804,0.00835535327947156,2,"HCTDMSO2h",2.06389261744966,3.61578350524751,8.39553261686198,1.22249608499266,0.29593206033799,1.16865821455543,0.270215907192836,0.00211825384785371,0.00887302988650265,0.0110567144820475,0.00357027608247459,0.0022083549702351,0.0160128154372921,0.0157701281425489,0.000427325613659032,0.0298843701848921,0.0197525394608153,0.00219294290233616,0.0099828172416528,0.0118195459202345,0.000288062312270017,0.00412189296541439,0.00291167734706812,2,"HCTAUXIN2h",1.19354838709677,1.91127174074625,3.62491428379616,1.2534710715531,0.385634734115815,1.18519964794887,0.321753596596236,"down",0.744748735503832,1.15223705360007,-1.13142822448316,0.0202770414939328,272.132848311645,456.008224808176,1.16865821455543,1.18519964794887,0.0202770414939328
"54","RGS2",0.00281665155382771,0.0736955978161909,0.314560124024142,0.0177597862121237,0.00282876755106106,0.0987403470673941,0.409048498701206,0.000164054805955607,0.100858040042585,0.381758004603848,0.00282334644082426,0.0753932357220158,0.320885766088821,0.000109754249956892,0.0177301368303244,0.0640710000271564,2,"HCTDMSO2h",1.29727542487186,5.3721074944136,31.6030283064624,4.26870614402864,0.30034060162215,4.25930375184117,0.301980422306622,0.00210120671866668,7.12316069641372,20.162590475853,0.0177597862121237,0.00204093729077273,0.379805453828218,1.0921474658118,0.000120608048183196,0.379894287605102,1.07147752589609,0.00203846745424464,0.267051208980833,0.773071947219823,7.97474422778754e-05,0.116086217926424,0.324576591113846,2,"HCTAUXIN2h",0.652789823648453,2.4128362469505,13.5036818272749,2.9243712908847,0.216076359080752,2.91444718897265,0.214075710348801,"down",0.469921243381545,-1.82460941966786,1.26854289149832,-0.547395359585241,354.189618936051,490.564614076977,4.25930375184117,2.91444718897265,-0.547395359585241
"55","SLC2A1",0.00376001210633801,0.0268147776745744,0.0273014427282183,0.0029072659490019,0.00374440837554319,0.0507747111488525,0.0449201450161222,0.000477559091039269,0.100359519586325,0.0741557090484112,0.00375255921079472,0.0268792643434369,0.0273309656982134,0.000336274537257595,0.0129200931165497,0.00979536075380391,2,"HCTDMSO2h",2.30924234282644,3.947625487213,8.50289578485778,1.0604808218289,0.226934100999771,1.01906606968476,0.210500212779976,0.00232112632192342,0.0100617206578794,0.0113805088701858,0.0029072659490019,0.00242335756292309,0.0228837130268586,0.0195878148644061,0.000458226685710884,0.0501948077938431,0.0320931174193354,0.00241581841402817,0.011822562366136,0.0125529347246858,0.000321677762832014,0.00564746122318402,0.00383071084406279,2,"HCTAUXIN2h",1.46737875288684,2.34824301359013,4.61949325348681,1.13503027478456,0.361000697821705,1.06333884054608,0.306847254916822,"down",0.635362818008945,1.18495090135421,-1.1225117478995,0.0613538056548511,266.484802457846,413.938396277304,1.01906606968476,1.06333884054608,0.0613538056548511
"56","SLC38A2",0.00966104645485373,0.0352801379757367,0.05996151345105,0.00817279554814808,0.00966361320053764,0.0432469133889561,0.0674211373849865,0.00124820084958919,0.0377035642068192,0.0361986696816812,0.00959539193712729,0.0344326969634354,0.0591216137316928,0.000839643982021097,0.0106609214228689,0.0107867745379978,2,"HCTDMSO2h",3.15399137001079,5.92693390715313,13.4834471140084,1.75547267804011,0.361636357571867,1.71781956869701,0.348748158075282,0.00585293658787796,0.0246230087064652,0.025894300940668,0.00817279554814808,0.00578430817475105,0.0411738656477187,0.0352585786931177,0.00135056529493521,0.0649675464277107,0.037587485729687,0.00575406595079718,0.0232824743852605,0.0250545141748231,0.000947526736411135,0.0116214874155887,0.00726772093736511,2,"HCTAUXIN2h",1.21683967704729,1.86993557175906,3.5023260458662,1.1910242852297,0.517084239377892,1.07789691581455,0.373173241726206,"down",0.737759979745244,0.564534794056421,-1.23861508542253,-0.67235929765794,104.21669136106,173.790152659175,1.71781956869701,1.07789691581455,-0.67235929765794
"57","SNHG15",0.0287272691081458,0.204336744000858,0.114201137970798,0.0197070100277427,0.0231054489864958,0.129831443685974,0.0817350822934227,0.00557870552468563,0.195947813370052,0.0803841885947385,0.0230582112896832,0.0748597878580795,0.0596017494279534,0.0038760814365681,0.0396129119296892,0.0178675174944299,2,"HCTDMSO2h",1.42834095186878,1.9894199687209,3.31252614885818,0.917327996163683,0.554267532031139,0.798452873397211,0.300665204145935,0.0329606920940328,0.413710906084358,0.154019950674499,0.0197070100277427,0.0227510392234432,0.122457486568235,0.0607818129874034,0.00713188065310497,0.224794342705068,0.0702310286253634,0.0228112856010247,0.0628064181272448,0.0424734591538661,0.00493052828162112,0.038499973285823,0.0137619124334386,2,"HCTAUXIN2h",1.15331412103746,1.50329593302826,2.3043904651301,0.91034331265084,1.00729498824047,0.678822388406332,0.31851969084612,"down",0.0155328456537774,0.253278965588652,-0.488793066758401,-0.234173111287952,43.3684984250024,43.8379501046218,0.798452873397211,0.678822388406332,-0.234173111287952
"58","SOX9",0.00710296114754032,0.0227424401288101,0.0657734569588475,0.0162049292871766,0.00703938465566604,0.0234769350370533,0.0665490469144141,0.0009347850469136,0.0083196483805216,0.0111790324889974,0.00701046845404708,0.0220087646253296,0.0647684429648642,0.000625729041008214,0.00473439850801872,0.00652722693935327,2,"HCTDMSO2h",2.89744279946164,6.00697865588019,14.3458907008925,3.007887396032,0.553427975343715,2.94392784766813,0.519380059490972,0.00273492225790279,11.4795456002408,9.55294649308346,0.0162049292871766,0.0024554027557203,0.191990453213338,0.172169629545121,0.000266467796228728,0.258445009570243,0.214343684017191,0.00245584681535816,0.123637470124046,0.115542705459311,0.000175949544526207,0.0572192683164192,0.0473792975528511,2,"HCTAUXIN2h",0.420005765350245,0.764788584573275,1.91440969751655,0.958755920822284,0.12267455276055,0.944031394531453,0.112484225644294,"down",1.51329027662454,-2.48996596646106,0.835063214043025,-1.64083556951547,142.643819960806,407.191520963883,2.94392784766813,0.944031394531453,-1.64083556951547
"59","SPEN",0.011713099187327,0.0571766614483774,0.031350904370384,0.00723979037495883,0.0101169214143153,0.063803695406626,0.0330025618161018,0.00271936839864779,0.125892451673696,0.0442626135807772,0.0101230342147205,0.031321628675533,0.0217531062463083,0.0019220443395123,0.0186263415631201,0.00731572897539572,2,"HCTDMSO2h",1.47261009667025,1.97266547525789,3.10773688413613,0.841682971987659,0.543207868826119,0.696593563671775,0.298770933566987,0.0140314466197355,3.53735390618602,0.94560650863106,0.00723979037495883,0.00913707862627349,0.0700670194712682,0.0261362853871701,0.00322845890059111,0.139409331807546,0.0372989529741446,0.00935200199740709,0.0307639119114109,0.0158891034390581,0.00221924734455858,0.0223475858067681,0.00672439085057312,2,"HCTAUXIN2h",1.03221167673282,1.30468573258727,1.95959430069988,0.967691771789393,3.27288037506362,0.520211685326713,0.258985895546935,"down",0.114294636091156,0.0259202656870096,-0.453183704817076,-0.421218336509432,98.7846112923176,106.928976306598,0.696593563671775,0.520211685326713,-0.421218336509432
"60","SRM",0.000235974983464207,0.000707254612923595,0.00281094846506231,0.000227556576868058,0.000242916483329479,0.000997629423193048,0.00338871187133256,3.50796442091503e-05,0.00546259439193849,0.0108236166013325,0.000241615070205313,0.00077000670247705,0.00294384629385272,1.26306007426704e-05,0.000134404511717126,0.000287607659284413,2,"HCTDMSO2h",6.17892751279978,17.2490412642148,55.1712885489821,3.84201201170409,0.476824726656454,3.82380606643348,0.459284640089893,0.000232954478199827,0.000701334984988399,0.00252782536500222,0.000227556576868058,0.000241833502801949,0.00108213773552876,0.00321305081916897,4.09002082297691e-05,0.00428278962396783,0.00749792509659414,0.000240218567799134,0.000783343726992324,0.00268501381682361,1.39502140262296e-05,0.000153465540552184,0.000296882465433108,2,"HCTAUXIN2h",5.53839491916859,14.5216205184037,43.6685702507422,3.44899965085358,0.477147210756448,3.42833052615271,0.457981918994033,"down",0.00836277328299778,-0.0247744895154039,-0.132772834165786,-0.157503148684122,4138.81468217296,4162.87553939703,3.82380606643348,3.42833052615271,-0.157503148684122
"61","SSFA2",0.00475734952044462,0.0182781741560217,0.0693738773469549,0.00248108832782717,0.00480427614302243,0.0215403092026513,0.0768910598534241,0.000393249087588199,0.0109647667622014,0.0255576590257687,0.00478344107277427,0.0187969654953834,0.0706262717739,0.000261455791673838,0.00443388557270988,0.0105648989902144,2,"HCTDMSO2h",11.548421904505,36.4591470914867,147.366928357438,3.78298063533237,0.5171783380722,3.75788227910897,0.510675737219969,0.00351592406648088,0.0143998375663911,0.0368668866461744,0.00248108832782717,0.00357245326428768,0.0181492247829094,0.0427137302459537,0.00033752268794628,0.0115240128686624,0.0181150227725466,0.00355431156300731,0.0151608162158523,0.0380981363408503,0.000227887244470683,0.00409219793735261,0.00660881263624855,2,"HCTAUXIN2h",5.8314054366686,14.2714601994152,43.3667886508655,2.53694156992949,0.386509300172683,2.51303749484741,0.387015057531166,"down",0.428478675523663,0.310152351703345,-0.890484514740342,-0.580487676458901,209.054524721055,281.348436194462,3.75788227910897,2.51303749484741,-0.580487676458901
"62","TCF7L2",0.00160033715701207,0.00219110176677887,0.0094232098259624,0.00523690129952523,0.00168625446626656,0.00298203118046277,0.0100002177986511,0.000767591501681473,0.00332339063170282,0.00264231268836488,0.00163290881009027,0.00226192059162285,0.0094841253051996,0.000512286579397816,0.00111860080204659,0.00111249189833788,2,"HCTDMSO2h",2.27852529601722,3.66165939683051,6.52348117879481,6.43583944016305,12.0709712253488,4.1940400015575,2.32271433823246,0.00306835410583444,0.0208171257582944,0.0177087671154323,0.00523690129952523,0.0030258287056957,0.0372383295374839,0.026658256053243,0.000615844514698971,0.062793528717301,0.0346846478773998,0.00304494046527566,0.0202607912770746,0.0173575314931416,0.000421969805138845,0.0103597829266801,0.00598709979421059,2,"HCTAUXIN2h",1.30308268510516,1.98362345585404,3.62980368348763,0.938202330329271,0.3381113641993,0.858873140520964,0.237000686592907,"down",-0.898969795069972,-3.16307033192644,0.871975159948849,-2.28782366193756,612.404069241759,328.413645982227,4.1940400015575,0.858873140520964,-2.28782366193756
"63","TGIF1",0.0159191799982295,0.0557927494857954,0.260574536405542,0.0198836044933009,0.0158643329093631,0.0567213117870946,0.262875269471538,0.00103113516225949,0.0127726877861351,0.0336745216692614,0.0158288696274778,0.0547891145452479,0.258074563527717,0.000691020860500709,0.00766709708183231,0.0204123551070434,2,"HCTDMSO2h",5.81732325957906,18.6166561917795,71.0054022534655,4.72963910553865,0.455377984206937,4.71072824239773,0.451594882884711,0.0114337562491388,7.80227435716902,16.2426868494642,0.0198836044933009,0.0105012763890927,0.285169824175694,0.651748795126386,0.000616180307839413,0.290791324946327,0.602833598212605,0.0105012864397007,0.205616219738174,0.486718942331077,0.000420162093323281,0.0716655429680607,0.148035328988072,2,"HCTAUXIN2h",2.37923054671681,7.0135460668945,30.1608853905666,2.38762320835815,0.190766585125939,2.37220352167603,0.190210165898413,"down",0.591992160026582,-1.90799288058977,0.915300970297607,-0.989722316362146,63.1757051219923,95.2264282802004,4.71072824239773,2.37220352167603,-0.989722316362146
"64","TOMM40",0.000978209126128743,0.00343211450373878,0.00691084497546817,0.000784425760223074,0.00103513472946825,0.00596757672265547,0.0097430827217495,0.000130180958589816,0.0078886076810945,0.00871229810945316,0.00102603031244111,0.00417704138355224,0.00777353376390686,8.5069186371024e-05,0.00135864003559439,0.00158329974650095,2,"HCTDMSO2h",3.90764674205708,7.92819677773979,19.6381367727283,1.89056305897876,0.373545182683131,1.86103083176244,0.36625063908945,0.000968064775332401,0.00370053464246518,0.00587577807260317,0.000784425760223074,0.00103814598520198,0.0101179680329397,0.0117055277049514,0.000145303463953261,0.0321073909337678,0.0290214582429699,0.00102954970965099,0.00485878749702961,0.00696742701634922,9.87037758945462e-05,0.00194050498110602,0.00183969130582696,2,"HCTAUXIN2h",3.10602131950447,5.73983986010439,12.923964356962,1.47055832798231,0.329469704567717,1.43443515893212,0.325577544338183,"down",-0.00494013544428354,-0.218114899504558,-0.157944596012741,-0.375619201634449,974.630074642553,971.298413885226,1.86103083176244,1.43443515893212,-0.375619201634449
"65","TOP1",0.00147271877354985,0.00503780424389706,0.0109466293435565,0.000873804747903795,0.0015430127300472,0.00832142939972145,0.0149679180284269,0.000184181457703167,0.00904407314257008,0.0110102167146494,0.00153128754036489,0.00597633418676979,0.012139917504502,0.000123344088099348,0.00198260758975038,0.00253238198162796,2,"HCTDMSO2h",5.66765259478354,12.1535946779114,32.9002557665285,2.06688024192073,0.409719611079089,2.03180348234016,0.403937925238709,0.00164479946224255,0.00477731458558029,0.00660356061718472,0.000873804747903795,0.00179757105937293,0.0140331402097028,0.0131525652693377,0.000306245186249165,0.0479723913494236,0.0337843290807499,0.00178690048033547,0.00677676351316137,0.0080914253545313,0.000219065263373593,0.00328373821536504,0.00246588335002099,2,"HCTAUXIN2h",3.87077189939289,6.46523129200018,12.8963110779879,1.26845641164233,0.390542402121196,1.19607273336698,0.363702838745946,"down",-0.222714074116347,-0.181335603486889,-0.585292848155539,-0.764455747527121,653.045214331012,559.628256304606,2.03180348234016,1.19607273336698,-0.764455747527121
"66","TRIB1",0.0531809955620533,19.3347321801026,59.2668672233725,0.0439070130220974,0.050643884127904,1.85449465263986,6.03545845685857,0.00211490131836116,1.27474372666781,3.87834287165861,0.0506879237169111,1.4886121722909,4.92455848193221,0.00137654658931544,0.5228922156437,1.59259289223368,2,"HCTDMSO2h",11.1,45.7867567567567,358.434324324324,3.33452073617608,0.205139404384575,3.31537494872343,0.176170366513815,0.0178832494118696,0.379598680440128,1.58823026062456,0.0439070130220974,0.0175726843337639,0.376408676646104,1.57850164423707,0.000875972433735868,0.239690338593081,0.87419330739898,0.0175598897305925,0.318999597250964,1.36910905284725,0.000592366199414203,0.0771148311055758,0.280304529841144,2,"HCTAUXIN2h",4.88122827346466,21.5380369617962,145.087940098334,4.30696731276087,0.284828729482907,4.29474543208162,0.283586712740522,"down",1.52935828401209,2.22234143029472,-1.84675701823593,0.373400579605524,19.7285650441106,56.9479658097068,3.31537494872343,4.29474543208162,0.373400579605524
"67","TSC22D1",0.00797144478743341,5.52793983355674,34.7426272975596,0.0133416935799246,0.00778765232813196,0.555251919412783,3.58093115105999,0.000250761331501557,0.431581388270719,2.6990930163889,0.00778905777641898,0.423448636570601,2.75573578760787,0.000166296325590584,0.173736756545542,1.08472935059937,2,"HCTDMSO2h",7.45102813852814,52.9597229689052,604.346405209453,6.55145547084392,0.279719989193829,6.53339781311446,0.268711484681312,0.00578388306385279,19.1759919252302,54.3756507071599,0.0133416935799246,0.00569508026910514,0.8340001682523,2.40200973057971,0.000221478703358464,0.797592286592012,2.25226222892792,0.0056915870338296,0.615515195890597,1.78538264949666,0.000148087239720409,0.248502258342339,0.701468989568407,2,"HCTAUXIN2h",2.45030425963489,9.98615681846635,70.0427198582801,2.91450627370343,0.135580328466296,2.90982730040236,0.134306077277376,"down",0.452617831883958,-0.53960749023069,-0.626204262152024,-1.16689995584918,128.385233324043,175.697919412672,6.53339781311446,2.90982730040236,-1.16689995584918
"68","TUBA4A",0.00173357461004734,6.14070327066973,1.84111657265784,0.00358307757721396,0.00144454819473086,0.0706310292253537,0.0227553815488594,0.000351197661716292,0.183474029902579,0.0545563739619196,0.00146488293788806,0.027612694907452,0.0100304127530853,0.000208378430616442,0.0192154668934548,0.00578985149551377,2,"HCTDMSO2h",0.289940828402367,0.377472777563811,0.597264720288855,0.442849227324573,0.338299763294226,0.373679308598654,0.0904752559522486,0.00132581969693054,8.0018869497805,2.82825491209913,0.00358307757721396,0.00114955117886377,0.0718112359474068,0.0270654249290112,0.000233340914206353,0.166740743039085,0.0595623930768108,0.00115435026331511,0.0313730336862971,0.0128619710946125,0.000142536171869808,0.0205494896888028,0.00728282972770379,2,"HCTAUXIN2h",0.261520737327189,0.354994000722037,0.597608125235545,0.45706984604378,0.173586776050942,0.421545908535705,0.0864091802469052,"down",0.34370433434135,-0.184193343530777,0.358730778045395,0.173889075793554,682.64840427571,866.288189797922,0.373679308598654,0.421545908535705,0.173889075793554
"69","WNT16",0.00100804535395872,0.0280208511170009,0.0324503286926864,0.00386541017557875,0.000998437794179087,0.0528196745247669,0.0574295205444428,0.000106915767103752,0.117179588720108,0.118410341513345,0.00100098999701846,0.0279174866874365,0.0323244733694741,6.97262087000697e-05,0.0136290663932892,0.0136557032787338,2,"HCTDMSO2h",0.581607959128798,1.11884430879387,2.86774562775982,1.19018694225901,0.157536162733971,1.16710120541896,0.144644984247224,0.000418711362526158,0.0117638291483503,0.0156908019487075,0.00386541017557875,0.000435649779613276,0.0295794136635494,0.0343189189790426,7.16009602269089e-05,0.0477486945807106,0.0503307784163312,0.000436530987268185,0.0152813982932934,0.0192623297688375,4.31602317843748e-05,0.00734456747155486,0.00757813476992108,2,"HCTAUXIN2h",0.278338621286415,0.533141975903839,1.32067872086595,1.31100859604615,0.234550255872866,1.27341898619534,0.208398194871594,"down",1.19727158457349,0.869392506371463,-0.746844658875435,0.125777509467675,999.010982106309,2290.78812081133,1.16710120541896,1.27341898619534,0.125777509467675
"70","ZFP36L2",0.00890319618029264,0.0457130193250434,0.0274106526445219,0.0140818349144623,0.0071157226932229,0.0506063380986701,0.0284039021030462,0.00292961687075221,0.0989921592891108,0.0348964463999523,0.00719844876514847,0.0238500139156298,0.0191912352845493,0.0020808522702594,0.0161147633537605,0.00648510050486733,2,"HCTDMSO2h",0.63453276047261,0.843608777390769,1.30914027301231,1.47979503577384,4.33421779545453,0.807581376736397,0.43130581873268,0.00583305209935835,0.0231736464544219,0.0208184493801184,0.0140818349144623,0.00481760785465594,0.0294974985480734,0.0229360325135172,0.00231640860447494,0.0606604074582308,0.0253365223150262,0.00477699659211818,0.0144220664760362,0.0167765822361387,0.00170098785760113,0.00986717513762867,0.00485620623883547,2,"HCTAUXIN2h",0.594524495677234,0.820892209054141,1.33063729843167,2.43883455117391,6.84098758584416,1.16631755488195,0.708296853200924,"down",0.591582197852183,0.725712211018582,-0.193998740082581,0.530281099745148,138.918818849074,209.336552939969,0.807581376736397,1.16631755488195,0.530281099745148
